Workbook

Sheet Заказы
A1: Заказы: одежда и обувь, 01.08.2026 – 28.09.2026 (ТЕСТОВЫЕ ДАННЫЕ)
A3: № заказа | B3: Дата | C3: Месяц | D3: Клиент | E3: Товар | F3: Категория | G3: Кол-во | H3: Цена, ₽ | I3: Сумма, ₽
A4: ЗК-1001 | B4: 46235 | C4: =TEXT(B4,"MM.YYYY") | D4: Ольга Сидоров | E4: Сандалии | F4: Обувь | G4: 1 | H4: 2659 | I4: =G4*H4
A5: ЗК-1002 | B5: 46235 | C5: =TEXT(B5,"MM.YYYY") | D5: Анна Смирнов | E5: Платье летнее | F5: Одежда | G5: 1 | H5: 3799 | I5: =G5*H5
A6: ЗК-1003 | B6: 46235 | C6: =TEXT(B6,"MM.YYYY") | D6: Сергей Иванов | E6: Кеды | F6: Обувь | G6: 1 | H6: 3319 | I6: =G6*H6
A7: ЗК-1004 | B7: 46235 | C7: =TEXT(B7,"MM.YYYY") | D7: Сергей Кузнецова | E7: Кроссовки | F7: Обувь | G7: 1 | H7: 5209 | I7: =G7*H7
A8: ЗК-1005 | B8: 46237 | C8: =TEXT(B8,"MM.YYYY") | D8: Татьяна Кузнецова | E8: Футболка хлопковая | F8: Одежда | G8: 1 | H8: 1259 | I8: =G8*H8
A9: ЗК-1006 | B9: 46237 | C9: =TEXT(B9,"MM.YYYY") | D9: Татьяна Петрова | E9: Куртка демисезонная | F9: Одежда | G9: 1 | H9: 11639 | I9: =G9*H9
A10: ЗК-1007 | B10: 46238 | C10: =TEXT(B10,"MM.YYYY") | D10: Сергей Новиков | E10: Кроссовки | F10: Обувь | G10: 1 | H10: 6129 | I10: =G10*H10
A11: ЗК-1008 | B11: 46239 | C11: =TEXT(B11,"MM.YYYY") | D11: Ольга Фёдорова | E11: Кеды | F11: Обувь | G11: 1 | H11: 5129 | I11: =G11*H11
A12: ЗК-1009 | B12: 46239 | C12: =TEXT(B12,"MM.YYYY") | D12: Николай Сидоров | E12: Свитер шерстяной | F12: Одежда | G12: 1 | H12: 6309 | I12: =G12*H12
A13: ЗК-1010 | B13: 46239 | C13: =TEXT(B13,"MM.YYYY") | D13: Дмитрий Сидоров | E13: Футболка хлопковая | F13: Одежда | G13: 2 | H13: 2749 | I13: =G13*H13
A14: ЗК-1011 | B14: 46239 | C14: =TEXT(B14,"MM.YYYY") | D14: Мария Васильев | E14: Кеды | F14: Обувь | G14: 1 | H14: 4629 | I14: =G14*H14
A15: ЗК-1012 | B15: 46240 | C15: =TEXT(B15,"MM.YYYY") | D15: Анна Сидоров | E15: Худи оверсайз | F15: Одежда | G15: 3 | H15: 4079 | I15: =G15*H15
... A111: ЗК-1108 | B111: 46293 | C111: =TEXT(B111,"MM.YYYY") | D111: Алексей Волков | E111: Кроссовки | F111: Обувь | G111: 1 | H111: 9216 | I111: =G111*H111
A112: ИТОГО | G112: =SUM(G4:G111) | I112: =SUM(I4:I111)
A114: Примечание: все заказы, клиенты и цены — сгенерированные тестовые данные (по просьбе пользователя), не реальный учёт. Синий шрифт — вводимые значения, чёрный — формулы.

Sheet Сводка
A1: Сводка по месяцам и категориям (тестовые данные)
A3: Период | B3: Заказов | C3: Сумма, ₽
A4: Август 2026 | B4: =COUNTIF(Заказы!$C$4:$C$111,"08.2026") | C4: =SUMIFS(Заказы!$I$4:$I$111,Заказы!$C$4:$C$111,"08.2026")
A5: Сентябрь 2026 (по 28.09) | B5: =COUNTIF(Заказы!$C$4:$C$111,"09.2026") | C5: =SUMIFS(Заказы!$I$4:$I$111,Заказы!$C$4:$C$111,"09.2026")
A6: Итого | B6: =SUM(B4:B5) | C6: =SUM(C4:C5)
A8: Категория | B8: Заказов | C8: Сумма, ₽
A9: Одежда | B9: =COUNTIF(Заказы!$F$4:$F$111,A9) | C9: =SUMIFS(Заказы!$I$4:$I$111,Заказы!$F$4:$F$111,A9)
A10: Обувь | B10: =COUNTIF(Заказы!$F$4:$F$111,A10) | C10: =SUMIFS(Заказы!$I$4:$I$111,Заказы!$F$4:$F$111,A10)
A11: Итого | B11: =SUM(B9:B10) | C11: =SUM(C9:C10)
A13: Целевая сумма (задана пользователем) | C13: 756323
A14: Разница с итогом | C14: =C6-C13
